disease_name,Duration of Treatment,dietary_advice,lifestyle_changes,herbs,herbs,dosha_involvement,dietary_advice,yoga_pranayama,total_cases
Cough,1-2 weeks,"Spicy, Oily Foods","Desk Job, Low physical activity","Ginger, Honey","Tulsi, Ashwagandha","Vata, Kapha",Avoid cold foods; stay hydrated; consume warm liquids.,"Anulom Vilom, Pranayama",2
Diabetes,Lifetime management,"High sugar, Low fiber","Sedentary job, Low exercise","Cinnamon, Bitter melon","Jamun, Gudmar","Pitta, Kapha",Avoid sugary foods; focus on low-GI foods; regular exercise.,"Surya Namaskar, Pranayama",2
Hypertension,Lifetime management,"Low Salt, Low Fat","Desk Job, High stress","Garlic, Hibiscus tea","Ashwagandha, Arjuna","Pitta, Vata",Reduce salt; practice yoga and meditation; avoid spicy foods.,"Surya Namaskar, Meditation",3
Migraine,3-4 days for relief,"Spicy, Caffeinated foods","High screen time, Low activity","Peppermint, Lavender oil","Brahmi, Jatamansi","Pitta, Vata",Maintain regular meal times; avoid bright lights; stay hydrated.,"Anulom Vilom, Pranayama",2
Arthritis,Variable,"Low-fat, Low-carb","Sedentary lifestyle, Office job","Turmeric, Ginger","Ashwagandha, Guggul","Vata, Kapha",Consume anti-inflammatory foods; stay active; avoid cold exposure.,"Yoga for flexibility, Strength",3
Common Cold,7-10 days,Balanced diet,"Office job, Low activity","Echinacea, Ginger tea","Tulsi, Ginger","Kapha, Vata",Rest well; consume warm foods; avoid dairy temporarily.,"Pranayama, Anulom Vilom",1
Indigestion,1-3 days,"Spicy, Oily foods","Sedentary job, High stress","Peppermint, Fennel","Triphala, Ajwain","Vata, Pitta",Avoid processed foods; eat smaller meals; stay active.,"Pranayama, Yogasanas",2
Asthma,Lifelong management,"Low-fat, High-protein","Sedentary lifestyle, Low activity","Ginger, Eucalyptus oil","Ashwagandha, Tulsi","Kapha, Vata",Avoid cold and dusty environments; practice breathing exercises.,"Pranayama, Kapalbhati",4
Constipation,2-3 days,"High fiber, Low-fat","Office job, Low physical activity","Triphala, Aloe Vera","Triphala, Isabgol",Vata,Increase fiber intake; stay hydrated; practice regular bowel routines.,"Paschimottanasana, Pranayama",2
Insomnia,"Variable, up to 4 weeks","Caffeine, Spicy foods","Office job, High stress","Valerian root, Chamomile","Ashwagandha, Jatamansi","Vata, Pitta",Establish a sleep routine; avoid caffeine; practice meditation.,"Anulom Vilom, Yoga Nidra",2
Obesity,"Variable, long-term","High-calorie, Low-nutrient",Sedentary lifestyle,"Green tea, Garcinia Cambogia","Guggul, Triphala",Kapha,Avoid heavy and oily foods; focus on exercise; eat light dinners.,"Surya Namaskar, Walking",2
Skin Allergy,1-2 weeks,"High-protein, Low-dairy",Exposure to allergens,"Aloe Vera, Chamomile","Neem, Tulsi",Pitta,Avoid allergens; wear loose clothing; consume cooling foods.,"Anulom Vilom, Pranayama",1
Anxiety,2-4 weeks,"Balanced diet, Low caffeine",High-stress job,"Lavender oil, Ashwagandha","Brahmi, Ashwagandha","Vata, Pitta",Practice yoga; avoid stimulants; focus on mindfulness.,"Meditation, Deep Breathing",2
Fever,3-5 days,Balanced diet,"Sedentary, Dependent on season","Ginger, Honey","Tulsi, Ginger","Pitta, Kapha","Rest; stay hydrated; consume light, warm meals.","Surya Namaskar, Pranayama",2
Acidity,1-3 days,"Spicy, Oily foods","Office job, High stress","Ginger, Fennel","Amla, Ajwain",Pitta,Avoid spicy foods; eat cooling foods like cucumber.,"Yogasanas, Pranayama",1
Acne,2-4 weeks,"Oily, High-sugar diet","Active, College/Teen lifestyle","Tea tree oil, Aloe Vera","Neem, Turmeric",Pitta,Avoid fried foods; include turmeric and green vegetables.,"Anulom Vilom, Kapalbhati",1
Acromegaly,Long-term,"High-protein, Low-fat",Sedentary lifestyle,None known,"Ashwagandha, Brahmi","Pitta, Kapha","Avoid heavy meals; consume balanced, nutrient-rich foods.",Yoga for joint flexibility,1
Acute Kidney Injury,"Varies, depends on cause","Low-salt, High-water intake","High-risk jobs (e.g., construction)","Nettle Leaf, Dandelion","Punarnava, Gokshura","Kapha, Pitta",Avoid salty and processed foods; stay hydrated.,"Pranayama, Surya Namaskar",1
Addison's Disease,Lifelong,"Low-sodium, High-potassium","Sedentary lifestyle, Medical jobs","Licorice Root, Ashwagandha","Ashwagandha, Licorice","Vata, Pitta","Include salty foods; consume small, frequent meals.","Gentle Yoga, Restorative Practices",2
Adrenal Insufficiency,Lifelong,"Low-sodium, High-potassium","Sedentary lifestyle, Medical jobs","Ashwagandha, Rhodiola","Ashwagandha, Licorice",Vata,Avoid stress; practice yoga and meditation.,Yoga for Stress Relief,2
Alkaptonuria,Lifelong,"High-protein, Low-fat",Active lifestyle,None specific,"Guggulu, Ashwagandha","Vata, Kapha",Avoid heavy meals; perform light exercises and consume warm meals.,"Gentle Yoga, Joint Exercises",2
Allergies,"Varies, depends on allergen","High-protein, Low-dairy",Exposure to allergens,"Local Honey, Echinacea","Brahmi, Ashwagandha","Vata, Kapha",Avoid cold foods; include herbal teas in the diet.,"Pranayama, Breathing Exercises",1
Alopecia,Varies,"Balanced diet, High-protein",Stressful lifestyle,"Ginseng, Fenugreek","Bhringraj, Amla",Pitta,Avoid spicy foods; massage scalp regularly with herbal oils.,"Gentle Yoga, Head Massage",1
Alzheimer's Disease,"Progressive, Lifelong","Low-fat, High-antioxidant","Sedentary lifestyle, Aging","Ginkgo Biloba, Turmeric","Brahmi, Ashwagandha","Vata, Pitta",Include brain-boosting herbs like Brahmi; engage in memory exercises.,"Meditation, Memory Exercises",2
Amebiasis,"Varies, depending on severity","Low-fat, High-carb diet",Travel to endemic areas,"Papaya Seeds, Garlic","Kutki, Triphala","Pitta, Kapha",Avoid raw foods; consume easily digestible meals.,Yoga for Digestion,1
Amyotrophic Lateral Sclerosis (ALS),"Progressive, Lifelong","High-protein, Low-fat","Sedentary lifestyle, Work stress",None specific,"Ashwagandha, Brahmi",Vata,Avoid stress; include grounding and nourishing foods.,"Gentle Yoga, Stretching",2
Argininemia,Lifelong,"High-protein, Low-fat",Active lifestyle,None specific,None specific,Vata,Include protein-restricted diet; practice stress management.,None specific,1
Argininosuccinic Aciduria,Lifelong,"High-protein, Low-fat",Active lifestyle,None specific,None specific,"Pitta, Vata",Avoid high-protein foods; consume fresh fruits and vegetables.,None specific,1
Arrhythmia,Lifelong,"Low-sodium, High-potassium","Sedentary lifestyle, Desk jobs","Hawthorn, Magnesium","Arjuna, Brahmi","Vata, Pitta",Avoid caffeine; include grounding foods and practice meditation.,"Pranayama, Surya Namaskar",2
Ascariasis,Varies,"Low-fat, High-carb diet",Exposure to unsanitary conditions,None specific,"Haritaki, Trifala","Kapha, Pitta",Avoid raw and contaminated foods; focus on hygiene.,Yoga for Digestion,2
Asparagine Synthetase Deficiency,Lifelong,"High-protein, Low-fat","Active lifestyle, Special care",None specific,None specific,Vata,"Avoid processed foods; provide a nutrient-rich, balanced diet.",None specific,2
Aspartylglucosaminuria,Lifelong,"High-protein, Low-carb","Active lifestyle, Medical care",None specific,None specific,Vata,Avoid heavy foods; provide fresh fruits and vegetables.,None specific,2
Atherosclerosis,Lifelong,"Low-fat, High-fiber","Sedentary lifestyle, High-stress work","Garlic, Turmeric","Arjuna, Ashwagandha","Kapha, Pitta",Avoid fatty foods; include fiber-rich and antioxidant foods.,"Pranayama, Surya Namaskar",3
Autosomal Dominant Polycystic Kidney Disease,Lifelong,"Low-sodium, High-potassium","Sedentary lifestyle, Family care","Nettle Leaf, Dandelion","Punarnava, Gokshura","Kapha, Pitta",Avoid salty foods; drink plenty of water to flush the system.,"Pranayama, Yoga for Kidney Health",2
Back Pain,Varies,"Balanced diet, High-protein","Sedentary lifestyle, Office jobs","Turmeric, Ginger","Guggulu, Ashwagandha",Vata,Avoid heavy lifting; practice stretching and yoga regularly.,Yoga for Back Pain,2
Barth Syndrome,Lifelong,"Low-sodium, High-protein",Special medical care,None specific,"Arjuna, Ashwagandha","Vata, Pitta",Include nutrient-dense foods and avoid strenuous activities.,"Gentle Yoga, Cardiovascular Yoga",2
Brugada Syndrome,Lifelong,"Low-sodium, High-potassium","Sedentary lifestyle, High-stress work",None specific,None specific,"Vata, Pitta",Avoid stress and caffeine; include magnesium-rich foods.,"Gentle Yoga, Stress Reduction",1
Bubonic Plague,2-4 weeks,"Balanced, High-protein","Poor sanitation, Rural areas",None specific,None specific,"Kapha, Pitta",Practice hygiene; avoid crowded places and eat light meals.,None specific,1
Buruli Ulcer,6-12 months,"Low-fat, High-protein","Rural, Remote areas",None specific,None specific,Pitta,Avoid spicy foods; clean ulcers with antiseptic solutions.,None specific,1
COVID-19,"2-4 weeks, may vary","Low-carb, High-protein","Work from home, Social distancing","Elderberry, Echinacea","Ashwagandha, Tulsi","Kapha, Pitta","Practice hygiene, stay hydrated, and boost immunity with herbs.","Pranayama, Breathing Exercises",1
Canavan Disease,Lifelong,"High-calcium, Low-protein","Special care, Home care",None specific,None specific,Vata,"Provide a nutrient-dense, balanced diet; avoid stress.",None specific,1
Carbamoyl Phosphate Synthetase I Deficiency Disease,Lifelong,"High-protein, Low-fat","Active lifestyle, Medical care",None specific,None specific,Pitta,"Avoid high-protein foods; provide small, frequent meals.",None specific,1
Cardiomyopathy,Lifelong,"Low-sodium, High-potassium","Sedentary lifestyle, High-stress work","Hawthorn, Magnesium","Arjuna, Ashwagandha","Vata, Pitta",Avoid heavy exertion; include antioxidant-rich foods.,"Pranayama, Cardio Yoga",2
Carpal Tunnel Syndrome,"Varies, depending on severity","Anti-inflammatory, High-protein","Office work, Computer usage",None specific,"Ashwagandha, Turmeric",Vata,Avoid repetitive wrist motions; perform hand stretches daily.,"Wrist Exercises, Stretching",1
Celiac Disease,Lifelong,"Gluten-free, High-protein",Exposure to gluten,None specific,"Kutki, Triphala","Vata, Pitta","Avoid gluten; include rice, lentils, and fresh vegetables.",None specific,2
Cerebrotendinous Xanthomatosis,Lifelong,"Low-fat, Low-cholesterol",Special medical care,None specific,None specific,Vata,Include antioxidant-rich foods; avoid fatty foods.,None specific,1
Chagas Disease,Lifelong,"Low-sodium, High-potassium","Rural, Remote areas",None specific,None specific,"Pitta, Kapha",Avoid raw foods; maintain proper hygiene and rest.,None specific,1
Chickenpox,1-2 weeks,"Balanced, High-protein","Close contact, Schools",None specific,"Neem, Tulsi",Pitta,Avoid spicy foods; drink coconut water and stay hydrated.,None specific,1
Chikungunya,1-2 weeks,"Balanced, High-protein","Rural, Tropical areas",None specific,"Ashwagandha, Guggulu","Vata, Pitta",Avoid heavy physical activity; drink warm soups and herbal teas.,"Pranayama, Joint Stretches",1
Chromoblastomycosis,6-12 months,"Balanced, Low-protein","Poor hygiene, Rural areas",None specific,"Neem, Turmeric","Kapha, Pitta",Maintain proper hygiene; avoid raw and contaminated foods.,None specific,1
Chronic Kidney Disease (CKD),Lifelong,"Low-sodium, High-potassium","Sedentary lifestyle, High-stress work","Nettle Leaf, Dandelion","Punarnava, Gokshura","Kapha, Pitta",Avoid salty foods; drink plenty of water to flush toxins.,"Pranayama, Kidney Yoga",1
Chronic Obstructive Pulmonary Disease (COPD),Lifelong,"Low-fat, High-protein","Sedentary, Smoky areas","Eucalyptus, Licorice","Tulsi, Ginger","Kapha, Vata",Avoid smoking and cold environments; practice pranayama.,"Pranayama, Chest Exercises",1
Ciguatera Poisoning,1-2 weeks,"Balanced, High-protein",Seafood industry,None specific,None specific,"Kapha, Pitta",Stay hydrated; avoid seafood and consume warm foods.,None specific,1
Clonorchiasis,2-4 weeks,"High-protein, Low-fat","Rural, Fishing areas",None specific,None specific,Pitta,"Avoid fatty foods; include light, easily digestible meals.",None specific,1
Coffin-Lowry Syndrome,Lifelong,"High-calcium, Low-protein","Special care, Home care",None specific,None specific,Vata,"Provide a balanced, nutrient-rich diet; avoid processed foods.",None specific,1
Cold,7-10 days,"Balanced, High-protein","Close contact, Schools","Honey, Ginger","Ginger, Tulsi",Kapha,Avoid cold drinks; drink warm soups and inhale steam regularly.,"Restorative Yoga, Breathing",1
Colorectal Cancer,6 months to lifelong,"Low-fiber, High-protein","Sedentary, High-stress jobs",None specific,"Ashwagandha, Guggulu","Kapha, Pitta",Include fiber-rich foods; avoid processed and fatty foods.,Yoga for Post-Surgery Rehabilitation,2
Contact Dermatitis,1-4 weeks,"Low-fat, Balanced",Occupational exposure,"Aloe Vera, Chamomile","Aloe Vera, Neem",Pitta,Avoid allergens; apply soothing herbal pastes and avoid spicy foods.,"Gentle Skin Care, Moisturization",1
Coronary Artery Disease,Lifelong,"Low-fat, Low-sodium","Sedentary lifestyle, High-stress jobs","Garlic, Hawthorn","Arjuna, Guggulu","Kapha, Pitta",Avoid oily and fatty foods; include whole grains and exercise regularly.,"Yoga for Heart Health, Breathing Exercises",2
Costello Syndrome,Lifelong,"High-calcium, Low-protein","Special care, Home care",None specific,"Ashwagandha, Brahmi","Vata, Pitta",Provide nutrient-dense meals; avoid heavy physical strain.,"Gentle Stretching, Strengthening Exercises",1
Crigler-Najjar Syndrome,Lifelong,"High-calcium, Low-protein","Special care, Home care",None specific,"Neem, Amla",Pitta,"Avoid fatty foods; provide small, frequent meals.",None specific,1
Crimean-Congo Hemorrhagic Fever,2-4 weeks,"High-calcium, Balanced","Rural, Agricultural areas",None specific,None specific,"Kapha, Pitta",Avoid crowded places; practice proper hygiene and rest.,None specific,1
Crohn's Disease,Lifelong,"High-fiber, Low-fat","Sedentary, Stressful work","Turmeric, Aloe Vera","Turmeric, Triphala","Pitta, Kapha",Avoid spicy foods; include probiotics and fiber-rich foods.,"Yoga for Digestive Health, Stress Reduction",2
Cryptosporidiosis,1-2 weeks,"Balanced, High-protein",Poor sanitation areas,None specific,None specific,"Kapha, Pitta",Maintain hygiene; avoid contaminated water and food.,None specific,1
Cushing's Syndrome,Lifelong,"High-protein, Low-sodium","Sedentary, Stressful work",None specific,"Ashwagandha, Triphala",Kapha,Avoid processed foods; include leafy greens and exercise regularly.,"Stress Management, Yoga for Balance",1
Cystic Fibrosis,Lifelong,"Low-fat, High-calcium","Sedentary, Home care",None specific,"Ashwagandha, Guduchi","Kapha, Vata",Stay hydrated; include antioxidant-rich foods and breathing exercises.,"Chest Exercises, Breathing Techniques",3
Cysticercosis,6 months to lifelong,"Low-fiber, High-protein","Rural, Agricultural areas",None specific,None specific,"Pitta, Kapha",Avoid contaminated foods; practice proper hygiene.,None specific,1
Cystinosis,Lifelong,"Low-protein, High-calcium","Home care, Sedentary",None specific,"Amla, Ashwagandha",Kapha,Stay hydrated; include low-sodium meals and avoid heavy foods.,None specific,1
Dandruff,2-4 weeks,"Balanced, Low-fat","Urban, Stressful jobs","Tea Tree Oil, Aloe Vera","Neem, Aloe Vera","Kapha, Pitta",Avoid oily and processed foods; keep the scalp clean and dry.,"Scalp Massage, Stress Reduction",1
Dementia,Lifelong,"High-calcium, Low-protein","Sedentary, Caregiver stress",None specific,"Brahmi, Ashwagandha",Vata,Provide a balanced diet; include brain-boosting foods like nuts and seeds.,"Cognitive Therapy, Memory Training",2
Dengue Fever,1-2 weeks,"High-protein, Hydrating","Rural, Tropical areas",None specific,None specific,Pitta,Stay hydrated; include coconut water and rest adequately.,"Rest, Hydration",2
Dengue Hemorrhagic Fever,2-4 weeks,"High-protein, Hydrating","Rural, Tropical areas",None specific,None specific,Pitta,Avoid strenuous activities; consume light meals and herbal teas.,None specific,1
Dentinogenesis Imperfecta,Lifelong,"High-calcium, Low-protein",Sedentary lifestyle,None specific,None specific,"Kapha, Pitta",Include calcium-rich foods; avoid sugary and acidic foods.,None specific,1
Depression,6 months to lifelong,"Balanced, Low-sodium","Sedentary, Stressful jobs","St. John's Wort, Ashwagandha","Ashwagandha, Brahmi","Vata, Pitta",Avoid alcohol and caffeine; practice mindfulness and yoga.,"Yoga for Mental Health, Breathing",2
Desbuquois Dysplasia,Lifelong,"High-calcium, Low-protein","Special care, Home care",None specific,"Ashwagandha, Guggulu","Vata, Kapha","Include nutrient-dense foods; avoid heavy, processed foods.",None specific,1
Diabetes Mellitus Type 1 and Type 2,Lifelong,"Low-carb, High-fiber",Sedentary lifestyle,"Cinnamon, Fenugreek","Bitter Melon, Gymnema Sylvestre",Kapha,Avoid refined sugars; include high-fiber foods and exercise regularly.,Yoga for Blood Sugar Control,1
Digestive Disorders,2-4 weeks to lifelong,"Low-fiber, High-fat","Sedentary, High-stress jobs","Peppermint, Ginger","Triphala, Ginger","Pitta, Vata","Avoid fried and greasy foods; eat small, frequent meals.",Yoga for Digestive Health,1
Dihydropyrimidine Dehydrogenase Deficiency,Lifelong,"Low-protein, High-calcium","Special care, Home care",None specific,None specific,Pitta,Avoid stress; drink herbal teas like chamomile.,None specific,1
Diphtheria,2-4 weeks,"Balanced, High-protein",Poor sanitation areas,None specific,None specific,"Kapha, Pitta",Avoid cold foods; drink warm herbal teas and soups.,None specific,1
Down Syndrome,Lifelong,"Balanced, High-calcium","Special care, Home care",None specific,"Brahmi, Ashwagandha","Vata, Pitta","Provide a balanced, nutrient-dense diet; include sensory stimulation.","Gentle Physical Therapy, Stretching",1
Dracunculiasis,1-2 months,"Balanced, High-protein",Poor sanitation areas,None specific,None specific,Kapha,Maintain proper hygiene; avoid contaminated water.,None specific,1
Duchenne Muscular Dystrophy,Lifelong,"High-calcium, Low-protein","Special care, Home care",None specific,"Ashwagandha, Guggulu","Vata, Pitta",Include protein-rich foods; avoid excessive physical exertion.,"Strengthening Exercises, Stretching",1
Dyggve-Melchior-Clausen Syndrome,Lifelong,"Low-protein, High-calcium","Special care, Home care",None specific,None specific,"Vata, Kapha","Avoid cold foods; provide a balanced, nutritious diet.",None specific,1
Ebola,2-4 weeks,"Balanced, High-protein",Poor sanitation areas,None specific,None specific,Pitta,Avoid direct contact with infected individuals; practice hygiene.,None specific,1
Ebola Virus,2-4 weeks,"Balanced, High-protein",Poor sanitation areas,None specific,None specific,"Pitta, Kapha",Practice good hygiene; avoid direct contact with infected individuals.,None specific,1
Echinococcosis,3-6 months,"Low-protein, High-calcium",Poor sanitation areas,None specific,"Neem, Amla",Kapha,Avoid raw meat; include fiber-rich foods in the diet.,None specific,1
Eczema (Atopic Dermatitis),2-4 weeks to lifelong,"High-moisture, Hypoallergenic",High stress jobs,"Aloe Vera, Oatmeal","Neem, Aloe Vera",Pitta,Avoid allergens; apply moisturizing creams and use mild soaps.,"Skin Care, Stress Reduction",1
Emphysema,Lifelong,"Low-sodium, High-fiber","Sedentary, Pollution areas",None specific,None specific,"Kapha, Vata",Avoid smoking; perform breathing exercises and consume light meals.,"Breathing Exercises, Physical Therapy",1
Endometriosis,Lifelong,"Balanced, Low-fat","Stressful jobs, Sedentary",None specific,"Ashwagandha, Shatavari","Vata, Pitta",Avoid spicy foods; include anti-inflammatory foods like turmeric.,"Yoga for Pelvic Health, Relaxation",1
Enterobiasis,1-2 weeks,"Balanced, High-protein",Poor sanitation areas,None specific,None specific,"Vata, Pitta",Maintain hygiene; avoid sugary foods and consume fiber-rich meals.,None specific,1
Epilepsy,Lifelong,"Balanced, High-protein","Sedentary, High-stress jobs",None specific,"Brahmi, Ashwagandha",Vata,Avoid excessive screen time; practice mindfulness and yoga.,"Relaxation, Mindfulness",3
Fascioliasis,1-3 months,"Low-protein, High-calcium",Poor sanitation areas,None specific,None specific,"Pitta, Kapha",Avoid raw water or food; consume light meals and stay hydrated.,None specific,1
Fibromyalgia,Lifelong,"Balanced, Anti-inflammatory","Sedentary, Stressful jobs",None specific,"Ashwagandha, Guggulu",Vata,Include anti-inflammatory foods like turmeric; avoid stress.,"Yoga for Relaxation, Stretching",2
Filariasis,1-2 months,"Low-fat, High-protein",Poor sanitation areas,None specific,None specific,"Kapha, Pitta",Avoid stagnant water; maintain proper hygiene.,None specific,1
Fragile X Syndrome,Lifelong,"Balanced, Nutrient-rich","Special care, Home care",None specific,None specific,"Vata, Pitta",Provide a balanced diet with omega-3 fatty acids; avoid processed foods.,None specific,1
Gallstones,1-3 weeks,"Low-fat, High-fiber",Sedentary lifestyle,None specific,None specific,Pitta,Avoid fatty and fried foods; include fiber-rich foods and drink plenty of water.,None specific,2
Gastroesophageal Reflux Disease (GERD),2-4 weeks,"Low-fat, Small meals","Sedentary lifestyle, Stress",None specific,"Triphala, Guduchi",Pitta,"Avoid spicy and acidic foods; consume smaller, frequent meals.","Yoga for Digestion, Stress Management",1
Giardiasis,2-4 weeks,"Balanced, Hydrating foods",Poor sanitation areas,None specific,None specific,Pitta,Avoid untreated water; drink herbal teas and eat light meals.,None specific,1
Glomerulonephritis,3-6 months,"Low-sodium, High-protein","Sedentary lifestyle, Stress",None specific,None specific,"Vata, Kapha",Avoid salty foods; drink plenty of water and follow low-protein diet.,None specific,2
Gout,1-2 weeks,"Low-fat, Low-purine",Sedentary lifestyle,"Cherries, Ginger",None specific,"Vata, Pitta",Avoid purine-rich foods (like red meat); consume more fruits and vegetables.,"Stretching, Joint Mobility Exercises",2
Graves Disease,Lifelong,"Balanced, Iodine-rich","Sedentary, High-stress jobs",None specific,"Ashwagandha, Brahmi","Pitta, Vata",Avoid stimulating foods like caffeine; practice stress reduction.,"Yoga for Thyroid Health, Relaxation",1
Guillain-Barre Syndrome,1-3 months,"Balanced, High-calcium","Sedentary lifestyle, Stress",None specific,None specific,"Vata, Pitta",Include light exercises; avoid cold or damp environments.,"Physical Therapy, Stretching",1
Guinea Worm Disease,3-6 months,"Low-fat, Hydrating foods",Poor sanitation areas,None specific,None specific,"Kapha, Pitta",Maintain hygiene; avoid drinking contaminated water.,None specific,1
HIV/AIDS,Lifelong,"Balanced, High-protein",Sedentary lifestyle,None specific,None specific,"Vata, Pitta",Follow a balanced diet rich in vitamins; avoid exposure to infections.,None specific,1
Hair Loss,Varies,"Balanced, Protein-rich","Sedentary lifestyle, Stress","Saw Palmetto, Aloe Vera","Bhringraj, Amla","Pitta, Kapha",Maintain scalp hygiene; avoid stress and use herbal oils for massage.,"Scalp Massage, Stress Reduction",1
"Hand, Foot, and Mouth Disease",1-2 weeks,"Low-fat, Hydrating foods",Poor hygiene areas,None specific,None specific,Pitta,Avoid spicy foods; maintain hydration and rest.,"Rest, Hydration",1
Hantavirus Pulmonary Syndrome,2-4 weeks,"Low-fat, Hydrating foods",Poor sanitation areas,None specific,None specific,"Vata, Kapha","Avoid contact with rodents; consume warm, nutrient-rich foods.","Breathing Exercises, Physical Therapy",1
Hashimoto's Thyroiditis,Lifelong,"Balanced, Iodine-rich",Sedentary lifestyle,None specific,"Ashwagandha, Shatavari",Vata,Avoid goitrogenic foods like soy; ensure adequate iodine intake.,"Yoga for Thyroid Health, Relaxation",1
Heart Attack (Myocardial Infarction),1-3 months,"Low-fat, High-fiber","Sedentary lifestyle, Stress",None specific,"Arjuna, Ashwagandha","Pitta, Vata",Avoid fatty foods; practice deep breathing exercises and stress management.,"Physical Therapy, Cardiovascular Exercises",2
Heart Disease,Lifelong,"Low-fat, Low-sodium","Sedentary lifestyle, Stress",None specific,"Arjuna, Brahmi","Vata, Pitta","Avoid smoking, trans fats; include fiber-rich foods in the diet.","Physical Therapy, Cardiovascular Exercises",1
Heart Failure,Lifelong,"Low-sodium, High-protein","Sedentary lifestyle, Stress",None specific,"Arjuna, Brahmi","Pitta, Vata",Avoid excess salt and fluids; eat heart-healthy foods like oats.,"Breathing Exercises, Physical Therapy",1
Hemochromatosis,Lifelong,"Low-iron, High-fiber",Sedentary lifestyle,None specific,"Amla, Guduchi","Pitta, Vata",Avoid iron-rich foods; increase consumption of antioxidant-rich foods.,None specific,1
Hemophilia,Lifelong,"High-protein, Iron-rich",Sedentary lifestyle,None specific,None specific,Kapha,Avoid injury-prone activities; maintain a diet rich in vitamin K.,None specific,1
Hendra Virus Infection,1-3 weeks,"Low-fat, Hydrating foods",Exposure to animals,None specific,None specific,"Vata, Pitta",Avoid contact with infected animals; maintain good hygiene.,None specific,1
Hepatitis,1-6 months,"Low-fat, High-fiber",Sedentary lifestyle,None specific,"Bhumi Amla, Turmeric",Pitta,Avoid alcohol and fatty foods; consume liver-detoxifying herbs.,Liver Detoxification Exercises,3
Hepatitis A,1-2 months,"Low-fat, Hydrating foods",Poor hygiene areas,None specific,"Amla, Guduchi","Pitta, Vata",Avoid raw food and unclean water; consume bitter foods like neem.,"Rest, Hydration",1
Hepatitis B,1-6 months,"Low-fat, High-fiber",Sedentary lifestyle,None specific,"Guduchi, Bhumyamalaki",Pitta,Maintain good hygiene; avoid alcohol and greasy foods.,"Yoga for Liver Health, Breathing Exercises",1
Hepatitis C,2-6 months,"Low-fat, High-fiber",Sedentary lifestyle,None specific,"Amla, Guduchi","Vata, Pitta",Avoid fatty foods; drink plenty of water and detoxifying herbal teas.,"Liver Detoxification, Breathing Exercises",1
Histoplasmosis,1-6 months,"Low-fat, Hydrating foods",Exposure to contaminated areas,None specific,"Ashwagandha, Guduchi","Vata, Pitta",Avoid damp environments; include anti-inflammatory foods like ginger.,Respiratory Exercises,1
Hookworm Infection,1-2 months,"Low-fat, Hydrating foods",Poor sanitation areas,None specific,None specific,"Vata, Kapha",Avoid walking barefoot in contaminated areas; practice proper hygiene.,None specific,1
Huntington's Disease,Lifelong,"Balanced, High-fiber",Sedentary lifestyle,None specific,None specific,"Vata, Pitta",Avoid stress; maintain a diet rich in omega-3 fatty acids.,None specific,1
Hydronephrosis,1-3 months,"Low-sodium, Hydrating foods",Sedentary lifestyle,None specific,None specific,"Kapha, Vata",Avoid excess salt; maintain hydration with fresh herbal teas.,None specific,1
Hypercholesterolemia,Lifelong,"Low-fat, High-fiber",Sedentary lifestyle,None specific,None specific,Pitta,Avoid trans fats; consume more fiber and antioxidants.,Cardiovascular Exercises,1
Hyperparathyroidism,Lifelong,"Calcium-rich, Low-sodium",Sedentary lifestyle,None specific,None specific,"Vata, Pitta",Include calcium and vitamin D-rich foods; avoid high-phosphate foods.,None specific,1
Hyperthyroidism,Lifelong,"Balanced, High-protein",Stressful work environments,None specific,"Ashwagandha, Shatavari",Pitta,Avoid stimulating foods like caffeine; eat cooling foods like cucumbers.,"Yoga for Thyroid Health, Relaxation",1
Hypoglycemia,1-2 days,"Low-carbohydrate, High-protein",Active lifestyle,None specific,"Guduchi, Amla","Vata, Kapha","Eat small, frequent meals; avoid sugary foods.","Breathing Exercises, Yoga",1
Hypothyroidism,Lifelong,"Iodine-rich, Low-fat",Sedentary lifestyle,None specific,"Ashwagandha, Guggulu","Vata, Kapha",Include iodine-rich foods; avoid processed foods and excess dairy.,"Yoga for Thyroid Health, Relaxation",2
Inflammation,Varies,Anti-inflammatory foods,Sedentary lifestyle,"Turmeric, Ginger","Turmeric, Ashwagandha","Vata, Pitta",Include anti-inflammatory foods; avoid processed and fried foods.,"Yoga for Inflammation, Relaxation",1
Inflammatory Bowel Disease (IBD),2-3 months,"Low-fat, High-fiber",Sedentary lifestyle,None specific,"Turmeric, Guduchi","Pitta, Kapha","Avoid spicy, oily, and acidic foods; increase fiber intake.","Yoga for Digestion, Stress Management",1
Influenza,1-2 weeks,"Balanced, Hydrating foods",Exposure to crowds,"Elderberry, Echinacea","Amla, Guduchi","Vata, Pitta","Rest, hydrate with herbal teas, and avoid cold foods.","Rest, Hydration",1
Irritable Bowel Syndrome (IBS),Varies,"High-fiber, Avoids spicy foods",Stressful job environments,"Peppermint, Ginger","Triphala, Ginger",Vata,Avoid gas-producing foods; maintain regular meal timings and hydration.,"Yoga for Digestion, Stress Management",2
Joint Pain,Varies,"Anti-inflammatory, Low-sodium",Sedentary lifestyle,"Turmeric, Ginger, Boswellia","Ashwagandha, Boswellia","Vata, Kapha","Avoid cold foods; practice light exercises and consume warm, cooked meals.","Stretching, Joint Mobility Exercises",1
Kala-azar,1-3 months,"High-protein, Hydrating foods",Exposure to insects,None specific,None specific,Pitta,"Avoid exposure to sandflies; consume light, nutritious food.",None specific,1
Kawasaki Disease,2-3 months,"Balanced, Anti-inflammatory",High exposure to infections,None specific,None specific,"Pitta, Vata",Avoid fatty foods; engage in gentle exercises and adequate rest.,None specific,1
Kearns-Sayre Syndrome,Lifelong,"High-protein, Low-sugar",Sedentary lifestyle,None specific,None specific,"Vata, Pitta","Avoid stress; maintain a healthy, balanced diet rich in antioxidants.",None specific,1
Kidney Cancer,6-12 months,"Low-salt, High-antioxidant",Sedentary lifestyle,None specific,"Amla, Guduchi","Kapha, Vata",Avoid excess salt and processed foods; maintain hydration.,None specific,2
Kidney Stones,1-3 months,"High-fluid, Low-oxalate",Sedentary lifestyle,None specific,None specific,"Vata, Kapha",Drink plenty of water; avoid high-oxalate foods like spinach.,None specific,2
Kleine-Levin Syndrome,Varies,"High-protein, Low-carb",Sleep disturbances,None specific,None specific,Vata,Avoid excessive screen time; establish regular sleep patterns.,None specific,1
Klinefelter Syndrome,Lifelong,"Balanced, Low-fat",Sedentary lifestyle,None specific,"Ashwagandha, Shatavari","Vata, Pitta",Maintain a balanced diet; practice physical activity regularly.,None specific,1
Krabbe Disease,Lifelong,"High-protein, Low-sugar",Limited physical activity,None specific,None specific,"Vata, Pitta",Engage in gentle exercises; focus on a nutrient-dense diet.,None specific,1
Kyasanur Forest Disease,1-2 months,"High-fluid, High-antioxidant","Outdoor, Agricultural work",None specific,None specific,Kapha,Avoid contact with ticks; use neem-based repellent.,None specific,1
Langerhans Cell Histiocytosis,1-3 months,"Balanced, Low-fat",Sedentary lifestyle,None specific,None specific,Pitta,Avoid processed foods; engage in light exercise.,None specific,1
Larsen Syndrome,Lifelong,"High-protein, Low-sugar",Limited physical activity,None specific,None specific,Vata,Avoid excessive physical strain; consume calcium-rich foods.,"Physical Therapy, Joint Mobility Exercises",1
Lassa Fever,2-4 weeks,"High-fluid, Hydrating foods","Rural, Unsanitary conditions",None specific,None specific,"Vata, Pitta","Avoid contact with rodents; consume light, nutritious meals.",None specific,1
Leigh Syndrome,Lifelong,"High-protein, Low-sugar",Sedentary lifestyle,None specific,None specific,Vata,Focus on brain-boosting foods; engage in gentle cognitive exercises.,None specific,1
Leishmaniasis,1-6 months,"Balanced, Anti-inflammatory","Outdoor, Rural environments",None specific,"Guduchi, Triphala",Pitta,Avoid exposure to sandflies; consume a diet rich in iron and protein.,None specific,1
Leprosy,6-12 months,"High-protein, Balanced","Rural, Poor sanitation",None specific,"Amla, Guduchi",Pitta,"Maintain hygiene; consume a nutritious, balanced diet.",None specific,2
Leptospirosis,1-2 weeks,"High-fluid, Hydrating foods","Rural, Agricultural work",None specific,None specific,"Vata, Pitta",Drink plenty of water; avoid contaminated water sources.,None specific,1
Lesch-Nyhan Syndrome,Lifelong,"High-protein, Low-sugar",Sedentary lifestyle,None specific,None specific,"Vata, Pitta",Focus on mental health; avoid triggering stimuli.,None specific,1
Leukemia,6 months to several years,"Low-fat, High-protein",Sedentary lifestyle,None specific,"Amla, Ashwagandha","Vata, Pitta",Eat a nutrient-rich diet; maintain a healthy weight and exercise regularly.,None specific,2
Leukodystrophy,Lifelong,"High-protein, Low-sugar",Limited physical activity,None specific,None specific,"Vata, Pitta","Avoid stress; consume a nutrient-rich, antioxidant-rich diet.",None specific,1
Liddle Syndrome,Lifelong,"Low-sodium, Balanced",Sedentary lifestyle,None specific,None specific,"Vata, Kapha",Reduce salt intake; consume potassium-rich foods.,None specific,1
Lipid Storage Disease,Lifelong,"High-protein, Low-sugar",Sedentary lifestyle,None specific,None specific,"Vata, Kapha",Focus on healthy fats; avoid excessive sugar and processed foods.,None specific,1
Liver Cancer,6 months to several years,"Low-fat, High-fiber",Limited physical activity,None specific,"Amla, Turmeric, Guduchi",Pitta,Avoid alcohol and processed foods; consume antioxidant-rich foods.,None specific,1
Liver Cirrhosis,Lifelong,"Low-fat, High-fiber",Sedentary lifestyle,None specific,"Amla, Turmeric, Guduchi",Pitta,Avoid alcohol; consume a liver-supportive diet rich in antioxidants.,"Liver Health, Yoga for Detox",1
Liver Disorders,Varies,"Low-fat, High-fiber",Sedentary lifestyle,None specific,"Amla, Turmeric, Guduchi","Pitta, Kapha",Avoid fatty foods; increase vitamin C intake to support liver function.,Yoga for Detoxification,1
Loeys-Dietz Syndrome,Lifelong,"High-protein, Balanced",Limited physical activity,None specific,None specific,Vata,Maintain regular exercise; avoid high-sodium foods.,None specific,1
Loiasis,1-3 months,"High-fluid, Hydrating foods","Rural, Agricultural work",None specific,None specific,"Vata, Kapha",Avoid mosquito bites; maintain a healthy diet with plenty of fluids.,None specific,1
Lowe Syndrome,Lifelong,"High-protein, Low-sugar",Limited physical activity,None specific,None specific,"Vata, Pitta",Consume a diet rich in omega-3 fatty acids; maintain eye health.,None specific,1
Lung Cancer,6-12 months,"Low-fat, High-protein",Sedentary lifestyle,None specific,"Amla, Turmeric, Ashwagandha",Pitta,Avoid smoking; include anti-inflammatory foods in the diet.,None specific,1
Lupus,Lifelong,Anti-inflammatory diet,Sedentary lifestyle,None specific,"Ashwagandha, Guduchi",Pitta,"Avoid sun exposure; consume a balanced, anti-inflammatory diet.",None specific,2
Lyme Disease,1-3 months,"High-protein, Balanced","Outdoor work, Hiking",None specific,None specific,"Vata, Pitta",Avoid tick bites; consume anti-inflammatory foods like garlic and ginger.,None specific,1
Lymphatic Filariasis,6-12 months,"High-fluid, Balanced diet","Agricultural work, Rural",None specific,None specific,"Vata, Kapha",Avoid mosquito exposure; maintain good hygiene and elevate swollen limbs.,None specific,1
Lymphoma,6 months to several years,"Low-fat, High-protein",Sedentary lifestyle,None specific,"Amla, Ashwagandha","Pitta, Vata",Maintain a healthy immune system; consume a nutrient-dense diet.,None specific,2
Maffucci Syndrome,Lifelong,"High-protein, Low-sugar",Limited physical activity,None specific,None specific,Vata,Avoid high-fat foods; engage in regular exercise and stretching.,Physical Therapy for Mobility,1
Malaria,1-2 weeks,"High-fluid, Hydrating foods","Agricultural work, Rural","Artemisinin, Herbal Remedies","Neem, Turmeric, Guduchi",Pitta,Avoid mosquito exposure; consume a diet rich in fruits and vegetables.,None specific,2
Mansonelliasis,1-3 months,"High-fluid, Hydrating foods","Agricultural work, Rural",None specific,None specific,Kapha,Avoid mosquito exposure; maintain a healthy lifestyle with regular exercise.,None specific,1
Maple Syrup Urine Disease,Lifelong,"High-protein, Low-sugar",Limited physical activity,None specific,None specific,"Vata, Kapha","Avoid protein-rich foods; consume a low-protein, balanced diet.",None specific,1
Marburg,Acute phase (1-2 weeks),"Balanced, Hydrating foods",Limited physical activity,0,0,"Vata, Pitta",Avoid exposure to infected animals; consume nutrient-dense foods.,0,1
Marburg Virus Disease,2-4 weeks,"Balanced, Hydrating foods",Limited physical activity,None specific,None specific,"Vata, Pitta",Prevent exposure to infected individuals; engage in rest and hydration.,None specific,1
Marfan Syndrome,Lifelong,"High-protein, Low-fat",Limited physical activity,None specific,None specific,Vata,Avoid strenuous physical activity; focus on heart-healthy foods.,None specific,1
McCune-Albright Syndrome,Lifelong,"Low-fat, High-protein",Limited physical activity,None specific,None specific,"Vata, Pitta",Maintain a balanced diet; avoid stress and ensure proper bone health.,None specific,1
Measles,1-2 weeks,"Vitamin-rich, Balanced",Exposure to infected people,"Vitamin A, Herbal Remedies",None specific,Pitta,Ensure proper vaccination; maintain hydration and a balanced diet.,None specific,2
Melanoma,6 months to several years,"Low-fat, High-protein",Outdoor activities,None specific,"Aloe Vera, Turmeric",Pitta,Avoid excessive sun exposure; consume antioxidant-rich foods like berries.,None specific,1
Melioidosis,1-3 months,"High-fluid, Hydrating foods","Agricultural work, Rural",None specific,None specific,Kapha,"Avoid exposure to contaminated water; consume a healthy, balanced diet.",None specific,1
Meningitis,2-4 weeks,"Vitamin-rich, Balanced",Sedentary lifestyle,None specific,None specific,Pitta,Maintain hydration; avoid exposure to infected individuals.,None specific,1
Menkes Disease,Lifelong,"Low-fat, High-protein",Limited physical activity,None specific,None specific,"Vata, Pitta","Ensure proper nutrient intake; focus on a balanced, high-calcium diet.",None specific,1
Menopause,Lifelong,"High-calcium, Balanced diet",Sedentary lifestyle,"Herbal Remedies, Lifestyle Changes","Ashwagandha, Shatavari","Vata, Pitta",Avoid caffeine; consume cooling foods like cucumbers and mint.,Yoga for Menopause Symptoms,1
Menstrual Disorders,Varies,"Low-fat, High-protein",Sedentary lifestyle,"Herbal Remedies, Lifestyle Changes","Ashwagandha, Shatavari","Vata, Pitta",Maintain a balanced diet with omega-3 rich foods; manage stress through yoga.,Yoga for Stress Relief,2
Mental Health Disorders,Lifelong,"Balanced, Low-sugar diet",Sedentary lifestyle,"Meditation, Herbal Remedies","Ashwagandha, Brahmi, Jatamansi","Vata, Pitta",Practice mindfulness and meditation; eat foods that support mental health such as leafy greens.,Yoga for Mental Health,1
Mental Stress,Short to Long-Term,"Balanced, Anti-stress foods","High-stress work, Office work","Meditation, Herbal Remedies","Ashwagandha, Brahmi, Lavender","Vata, Pitta",Practice deep breathing exercises; avoid caffeine and processed foods.,Yoga for Stress Relief,1
Metabolic Syndrome,Lifelong,"Low-carb, High-protein",Sedentary lifestyle,"Herbal Remedies, Diet","Fenugreek, Amla, Turmeric","Kapha, Pitta","Follow a low-carb, high-fiber diet; engage in regular physical activity.",Yoga for Metabolic Health,1
Miller-Dieker Syndrome,Lifelong,"Nutrient-rich, Balanced diet",Requires caregiver support,None specific,None specific,"Vata, Pitta","Focus on mental health; maintain a balanced, nutrient-rich diet.",None specific,1
Mitochondrial Myopathy,Lifelong,"High-protein, Low-fat diet",Limited physical activity,None specific,None specific,"Vata, Pitta",Consume antioxidant-rich foods; avoid environmental toxins.,Physical Therapy for Mobility,1
Monkeypox,2-4 weeks,"Balanced, Hydrating foods","Agricultural work, Rural",None specific,None specific,"Vata, Kapha",Isolate and rest; consume immune-boosting foods like citrus fruits and ginger.,None specific,1
Mowat-Wilson Syndrome,Lifelong,"Nutrient-rich, Balanced diet",Requires caregiver support,None specific,None specific,"Vata, Pitta","Ensure proper neurological care; provide a balanced, nutrient-dense diet.",None specific,1
Mucolipidosis,Lifelong,"High-protein, Low-fat diet",Requires caregiver support,None specific,None specific,"Vata, Kapha",Maintain a low-fat diet; focus on digestive health with fiber-rich foods.,None specific,1
Mucopolysaccharidosis,Lifelong,"High-protein, Low-fat diet",Requires caregiver support,None specific,None specific,"Vata, Pitta",Focus on joint health and mobility; consume anti-inflammatory foods like turmeric and ginger.,None specific,1
Multiple Sclerosis,Lifelong,"Low-fat, High-fiber diet",Sedentary lifestyle,None specific,"Ashwagandha, Brahmi","Vata, Pitta",Engage in gentle exercise; consume omega-3 fatty acids and antioxidants.,Physical Therapy for Mobility,2
Multiple Sulfatase Deficiency,Lifelong,"High-protein, Nutrient-rich diet",Requires caregiver support,None specific,None specific,"Vata, Pitta",Focus on cognitive and developmental support; provide a balanced diet.,None specific,1
Muscular Dystrophy,Lifelong,"Balanced, High-protein diet",Limited physical activity,None specific,None specific,Vata,Maintain proper muscle care; engage in regular physical therapy.,Physical Therapy for Mobility,1
Myasthenia Gravis,Lifelong,"Low-sodium, Balanced diet",Sedentary lifestyle,None specific,"Ashwagandha, Guduchi","Vata, Pitta",Avoid heavy physical exertion; maintain a nutrient-dense diet.,Physical Therapy for Muscle Strength,1
Mycetoma,6-12 months,"High-protein, Hydrating diet",Exposure to wet environments,None specific,None specific,Kapha,Maintain cleanliness of affected area; consume immune-boosting foods.,None specific,1
Myotonia Congenita,Lifelong,"High-protein, Balanced diet",Limited physical activity,None specific,None specific,"Vata, Pitta",Practice relaxation techniques; focus on reducing muscle stiffness with stretching.,Physical Therapy for Mobility,1
Naegleria Infection,1-2 weeks,"Hydrating, Low-sugar diet",Exposure to warm water,None specific,None specific,Pitta,Avoid exposure to contaminated water; consume plenty of fluids.,None specific,1
Nephrotic Syndrome,Lifelong,"Low-salt, High-protein diet",Sedentary lifestyle,None specific,None specific,"Vata, Pitta",Avoid salty foods; maintain hydration and a kidney-friendly diet.,None specific,1
Neurofibromatosis,Lifelong,"Balanced, Nutrient-rich diet",Requires regular check-ups,None specific,None specific,"Vata, Pitta",Focus on cognitive health; engage in moderate exercise and a healthy diet.,None specific,1
Neurotoxocariasis,1-3 months,"Hydrating, Balanced diet",Exposure to contaminated soil,None specific,None specific,Kapha,Practice good hygiene; consume immune-boosting foods like garlic and ginger.,None specific,1
Niemann-Pick Disease,Lifelong,"Low-fat, Nutrient-rich diet",Requires caregiver support,None specific,None specific,"Vata, Pitta",Focus on liver health; provide easily digestible and nutrient-dense foods.,None specific,1
Nipah Virus Infection,1-3 weeks,"Hydrating, High-protein diet",Exposure to animals,None specific,None specific,Pitta,Maintain hydration; consume immune-boosting foods like garlic and ginger.,None specific,1
Noonan Syndrome,Lifelong,"High-protein, Balanced diet",Requires regular check-ups,None specific,None specific,"Vata, Pitta",Provide a balanced diet for growth and development; encourage regular exercise.,None specific,1
Onchocerciasis (River Blindness),6-12 months,"High-protein, Hydrating diet",Exposure to rivers,None specific,None specific,Kapha,Use insect repellents; maintain eye health and hygiene.,None specific,1
Opistorchiasis,1-3 months,"Balanced, Nutrient-rich diet",Exposure to contaminated food,None specific,None specific,"Pitta, Kapha",Maintain liver health; focus on gut health with a fiber-rich diet.,None specific,1
Osteoarthritis,Lifelong,"Balanced, Anti-inflammatory diet",Sedentary lifestyle,"Herbal Remedies, Lifestyle Changes","Turmeric, Ashwagandha","Vata, Kapha",Avoid cold foods; engage in regular joint-friendly exercises.,Yoga for Joint Mobility,1
Osteogenesis Imperfecta,Lifelong,"High-calcium, Nutrient-rich diet",Limited physical activity,None specific,None specific,"Vata, Pitta",Ensure calcium and vitamin D intake; maintain bone strength through gentle exercises.,Physical Therapy for Strengthening,1
Osteopetrosis,Lifelong,"High-calcium, Nutrient-rich diet",Limited physical activity,None specific,None specific,"Vata, Kapha","Focus on bone health; ensure nutrient-rich diet, including calcium and vitamin D.",None specific,1
Osteoporosis,Lifelong,"High-calcium, Vitamin D diet",Sedentary lifestyle,"Calcium, Vitamin D, Herbal Remedies","Ashwagandha, Guggul, Shatavari",Vata,Ensure calcium-rich diet; engage in weight-bearing exercises for bone strength.,Yoga for Bone Strength,2
Ovarian Cancer,Lifelong,"Low-fat, High-protein diet",Sedentary lifestyle,None specific,None specific,Pitta,Follow a diet rich in antioxidants; focus on a healthy weight and stress management.,None specific,1
Pancreatic Cancer,Lifelong,"Low-fat, High-protein diet",Sedentary lifestyle,None specific,None specific,"Vata, Pitta",Avoid processed foods; consume a fiber-rich diet and limit alcohol intake.,None specific,1
Pancreatitis,1-3 months,"Low-fat, High-fiber diet",Sedentary lifestyle,None specific,None specific,Pitta,Avoid fatty and fried foods; maintain hydration with herbal teas.,None specific,2
Paracoccidioidomycosis,6-12 months,"High-protein, Antifungal diet",Exposure to soil,None specific,None specific,Pitta,Focus on immunity-boosting foods and maintaining hydration.,None specific,1
Paragonimiasis,6-12 months,"Balanced, Antifungal diet",Exposure to undercooked food,None specific,None specific,"Pitta, Kapha","Focus on lung health; avoid cold foods and include warm, easy-to-digest meals.",None specific,1
Parkinson's Disease,Lifelong,"High-antioxidant, Nutrient-rich diet",Sedentary lifestyle,"Herbal Remedies, Lifestyle Changes","Ashwagandha, Brahmi","Vata, Pitta",Ensure adequate physical therapy; maintain a nutrient-rich diet to support nervous system health.,Yoga for Mobility and Balance,2
Pelvic Floor Disorders,Lifelong,"High-fiber, Hydrating diet",Sedentary lifestyle,"Kegel Exercises, Lifestyle Changes","Ashwagandha, Shatavari","Vata, Kapha",Practice pelvic floor exercises; focus on hydration and fiber-rich foods.,Yoga for Pelvic Strength,1
Peptic Ulcers,1-2 months,"Low-fat, High-fiber diet",High-stress occupation,"Herbal Remedies, Diet Changes","Licorice, Ginger",Pitta,Avoid spicy foods; consume cooling foods like cucumbers and coconut water.,Yoga for Stress Relief,2
Peripheral Artery Disease,Lifelong,"Low-fat, High-fiber diet",Sedentary lifestyle,"Herbal Remedies, Lifestyle Changes",None specific,"Vata, Pitta",Engage in regular physical activity; consume foods that support circulation like garlic.,Physical Therapy for Circulation,1
Peutz-Jeghers Syndrome,Lifelong,"Balanced, High-protein diet",Requires regular check-ups,None specific,None specific,"Vata, Pitta",Focus on gastrointestinal health; consume fiber-rich foods and antioxidants.,None specific,1
Pfeiffer Syndrome,Lifelong,"High-protein, Nutrient-rich diet",Requires special care,None specific,None specific,"Vata, Pitta",Provide developmental support; ensure a balanced diet with essential nutrients.,None specific,1
Phenylketonuria (PKU),Lifelong,Phenylalanine-restricted diet,Needs specialized care,"Diet Changes, Herbal Remedies",None specific,"Vata, Pitta",Follow a strict low-phenylalanine diet; support cognitive development with nutrition.,None specific,1
Pinta,6-12 months,"High-fiber, Hydrating diet",Exposure to poor sanitation,None specific,None specific,Pitta,Focus on maintaining skin hygiene and avoiding irritants.,None specific,1
Pitt-Hopkins Syndrome,Lifelong,"High-protein, Nutrient-rich diet",Requires special care,None specific,None specific,"Vata, Pitta",Provide speech and developmental therapy; ensure a nutrient-dense diet for growth.,None specific,1
Pituitary Tumors,Lifelong,"Low-fat, Balanced diet",Requires regular monitoring,None specific,None specific,"Vata, Pitta",Maintain a balanced diet; practice stress reduction techniques such as yoga.,None specific,1
Pneumoconiosis,Lifelong,"High-fiber, Antioxidant diet",Occupational exposure,None specific,None specific,"Vata, Kapha",Avoid exposure to harmful dust; focus on lung health with antioxidants.,None specific,1
Pneumocystis Pneumonia,1-2 months,"High-protein, Nutrient-rich diet",Immunocompromised lifestyle,None specific,None specific,Pitta,Maintain good hygiene; avoid cold or damp environments.,None specific,2
Pneumonia,1-2 months,"High-protein, Hydrating diet",Sedentary lifestyle,"Herbal Remedies, Lifestyle Changes",None specific,"Vata, Pitta",Stay hydrated; focus on immune-boosting foods like garlic and ginger.,None specific,2
Pneumonic Plague,2-4 weeks,"High-protein, Nutrient-rich diet",Exposure to rodents,None specific,None specific,Pitta,Avoid contact with infected individuals; maintain hygiene and boost immunity.,None specific,1
Polio,Lifelong,"Balanced, High-protein diet",Exposure to unvaccinated populations,None specific,None specific,"Vata, Pitta",Support physical therapy; ensure a protein-rich diet for muscle recovery.,None specific,1
Polycystic Kidney Disease,Lifelong,"Low-salt, Low-protein diet",Requires regular monitoring,None specific,None specific,"Vata, Pitta",Focus on kidney health; avoid salty foods and maintain hydration.,None specific,1
Polycystic Ovary Syndrome (PCOS),Lifelong,"Low-carb, Nutrient-rich diet",Stress management required,"Herbal Remedies, Diet Changes","Ashwagandha, Shatavari","Vata, Pitta",Follow a balanced diet with low glycemic index foods; include regular exercise.,Yoga for Hormonal Balance,1
Porphyria,Lifelong,"Low-fat, High-protein diet",Avoids sunlight,"Herbal Remedies, Diet Changes",None specific,"Vata, Pitta",Avoid sunlight exposure; support liver and detox with herbal remedies.,None specific,1
Prader-Willi Syndrome,Lifelong,"Balanced, High-protein diet",Requires special care,None specific,None specific,"Vata, Pitta",Focus on managing appetite; support development with balanced nutrition.,None specific,1
Primary Amebic Meningoencephalitis,1-2 weeks,"Hydrating, Low-fat diet",Avoids contaminated water,None specific,None specific,Pitta,Avoid exposure to contaminated water; maintain good hygiene.,None specific,1
Primary Ciliary Dyskinesia,Lifelong,"High-protein, Antioxidant diet",Avoids cold air,None specific,None specific,"Vata, Kapha",Support lung health; avoid cold air and focus on respiratory health with herbal teas.,Breathing Exercises,1
Prostate Cancer,Lifelong,"Low-fat, High-fiber diet",Requires regular monitoring,None specific,None specific,"Vata, Pitta",Include prostate-healthy foods like tomatoes and flaxseeds; reduce stress.,None specific,2
Psoriasis,Lifelong,"Low-carb, Anti-inflammatory diet",Exposure to stress triggers,"Herbal Remedies, Diet Changes","Neem, Turmeric, Aloe Vera",Pitta,Focus on anti-inflammatory foods; maintain a skin-care routine with natural products.,Yoga for Stress Relief,2
Pulmonary Hypertension,Lifelong,"Low-salt, High-fiber diet",Requires oxygen support,None specific,None specific,"Vata, Pitta",Focus on lung and heart health; avoid salty foods and manage stress levels.,Breathing Exercises,1
Q Fever,1-2 months,"Hydrating, High-protein diet",Exposure to animals,None specific,None specific,Pitta,"Rest in a cool, comfortable environment; drink plenty of fluids to stay hydrated.",None specific,1
Rabies,1-2 weeks,"Low-fat, High-protein diet",Exposure to animals,None specific,None specific,"Vata, Pitta",Seek medical attention immediately; support immune health with garlic and turmeric.,None specific,1
Relapsing Fever,1-2 weeks,"Hydrating, Low-sugar diet",Avoids outdoor exposure,None specific,None specific,Pitta,Focus on hydration and rest; avoid contact with infected individuals.,None specific,1
Renal Hypertension,Lifelong,"Low-sodium, High-fiber diet",Requires monitoring,None specific,None specific,"Vata, Pitta",Maintain kidney health; avoid salty and high-fat foods; hydrate well.,None specific,1
Respiratory Issues,1-6 months,"Low-carb, High-protein diet",Avoids polluted air,"Herbal Remedies, Lifestyle Changes",None specific,"Vata, Kapha",Focus on lung health; practice deep breathing exercises and avoid pollutants.,Breathing Exercises,1
Rett Syndrome,Lifelong,"Balanced, High-nutrient diet",Requires special care,None specific,None specific,"Vata, Pitta",Support cognitive and motor development; ensure a balanced diet.,None specific,1
Rheumatic Heart Disease,Lifelong,"Low-fat, High-fiber diet",Regular medical check-ups,None specific,None specific,"Vata, Kapha",Focus on heart health; avoid salty and fatty foods; manage stress.,None specific,1
Rheumatoid Arthritis,Lifelong,"Anti-inflammatory, Gluten-free diet",Requires physiotherapy,"Herbal Remedies, Diet Changes","Ashwagandha, Guggul","Vata, Kapha",Consume anti-inflammatory foods; practice light exercises and stretches.,Yoga for Joint Health,2
Rickettsial Diseases,1-2 weeks,"Hydrating, Low-sugar diet",Avoids outdoor exposure,None specific,None specific,Pitta,Focus on immune health; avoid exposure to ticks; stay hydrated.,None specific,1
Rift Valley Fever,1-2 months,"Low-fat, High-protein diet",Avoids mosquito exposure,None specific,None specific,"Vata, Pitta","Rest in a cool, quiet environment; avoid stress and maintain hydration.",None specific,1
Rocky Mountain Spotted Fever,1-2 weeks,"Hydrating, Low-sugar diet",Avoids tick-infested areas,None specific,None specific,Pitta,Avoid exposure to ticks; use natural repellents; hydrate well.,None specific,1
Rosacea,Lifelong,"Low-fat, High-protein diet",Avoids hot drinks,"Herbal Remedies, Diet Changes","Aloe Vera, Turmeric",Pitta,Maintain a gentle skincare routine; avoid spicy and hot foods.,None specific,1
Schistosomiasis,1-2 months,"Hydrating, Low-sugar diet",Avoids contaminated water,"Wormwood, Ginger","Neem, Turmeric",Pitta,Focus on detoxification; avoid contaminated water sources.,0,1
Scoliosis,Variable,"Balanced, High-nutrient diet",Requires back support,0,"Ashwagandha, Guggul","Vata, Pitta",Maintain good posture; include strengthening exercises and a balanced diet.,Yoga for spine flexibility,1
Seborrheic Dermatitis,Ongoing management,"Low-fat, High-protein diet",Avoids greasy foods,"Tea tree oil, Aloe vera","Neem, Turmeric",Pitta,Follow a gentle skincare routine; avoid spicy and oily foods.,"Pranayama, Scalp massage",1
Septicemic Plague,Immediate treatment (weeks),"Hydrating, Low-sugar diet",Avoids rodent exposure,0,0,Pitta,Avoid contact with infected individuals; focus on immune-boosting foods.,0,1
Sexual Dysfunction,Ongoing management,"Low-fat, High-protein diet",Requires counseling,"Maca root, Ginseng","Ashwagandha, Shatavari","Vata, Kapha",Focus on stress reduction; maintain a healthy diet rich in antioxidants.,0,1
Sickle Cell Anemia,Lifetime management,"High-calorie, Iron-rich diet",Requires hydration,0,"Ashwagandha, Gudmar","Vata, Pitta",Maintain hydration; include iron-rich foods like spinach and lentils.,0,2
Sjogren's Syndrome,Ongoing management,"Hydrating, Low-sodium diet",Requires special care,0,"Ashwagandha, Guggul","Vata, Pitta",Stay hydrated; avoid dry and cold environments; include anti-inflammatory foods.,0,1
Skin Cancer (Melanoma),"Surgical removal, Radiation","Low-fat, High-protein diet",Avoids excessive sun,"Aloe vera, Turmeric","Neem, Turmeric",Pitta,Protect skin from sun exposure; focus on antioxidant-rich foods like berries.,0,2
Skin Diseases,Varies based on type,"Balanced, High-nutrient diet",Requires hygiene practices,"Aloe vera, Tea tree oil","Neem, Turmeric",Pitta,Follow a gentle skincare routine; avoid harsh chemicals and spicy foods.,"Pranayama, Hydration",1
"Skin Infections (Bacterial, Fungal, Viral)",1-2 weeks (depends on type),"Balanced, High-nutrient diet",Requires hygiene practices,"Garlic, Tea tree oil","Neem, Turmeric",Pitta,Focus on hygiene; avoid sharing personal items; maintain a healthy diet.,0,1
Skin Rash,"Varies, from days to weeks","Low-fat, High-protein diet",Requires skin care,"Aloe vera, Chamomile","Aloe vera, Ashwagandha",Pitta,Avoid allergens; keep skin moisturized; include fiber-rich foods in the diet.,"Pranayama, Hydration",1
Sleep Apnea,Ongoing management,"Low-fat, High-protein diet",Requires regular sleep schedule,0,"Ashwagandha, Brahmi","Vata, Kapha",Maintain a regular sleep schedule; practice deep breathing exercises.,"Breathing exercises, Pranayama",2
Sleeping Sickness (Trypanosomiasis),2-3 weeks,"Hydrating, Low-sugar diet",Avoids insect exposure,0,0,Pitta,Avoid mosquito bites; focus on immune-boosting foods.,0,1
Sparganosis,3-6 months,"Low-fat, High-protein diet",Avoids undercooked food,0,0,"Vata, Kapha",Ensure good hygiene; avoid undercooked food; stay hydrated.,0,1
Stroke,Immediate treatment (acute phase),"Low-sodium, High-fiber diet",Requires rehabilitation,0,"Brahmi, Ashwagandha","Vata, Pitta",Monitor blood pressure; focus on a balanced diet and regular exercise.,"Physical therapy, Speech therapy",2
Strongyloidiasis,1-2 weeks,"Hydrating, Low-sugar diet",Avoids contaminated water,0,0,"Vata, Pitta",Avoid contaminated water; increase fiber intake to support digestion.,0,1
Talaromycosis,2-4 weeks,"Balanced, High-nutrient diet",Avoids fungal exposure,0,0,"Vata, Kapha","Focus on immunity; avoid damp, moldy environments.",0,1
Tay-Sachs Disease,Lifelong care,"Low-fat, High-protein diet",Requires special care,0,0,"Vata, Pitta","Support cognitive and motor function; provide a balanced, nutritious diet.",0,1
Tendinitis,1-6 weeks,"Low-fat, High-protein diet",Requires physical therapy,"Herbal Remedies, Ice, Massage",None specific,"Vata, Pitta",Focus on joint health; include anti-inflammatory foods like fish and turmeric.,"Stretching, Strengthening Exercises",1
Tetanus,1-2 weeks,"Balanced, High-protein diet",Requires wound care,None specific,None specific,"Vata, Kapha",Maintain a clean environment; avoid injuries; focus on immune health.,None specific,1
Thalassemia,Lifelong,"Low iron, High-protein diet",Requires blood transfusions,None specific,None specific,"Vata, Pitta","Maintain iron levels; focus on a nutrient-rich diet, including leafy greens.",None specific,1
Toxocariasis,1-6 months,"Balanced, High-fiber diet",Avoids contact with pets,None specific,None specific,Pitta,Avoid exposure to contaminated soil; focus on digestive health.,None specific,1
Toxoplasmosis,1-2 months,"Low-fat, High-protein diet",Avoids undercooked meat,None specific,None specific,"Vata, Pitta",Focus on immune-boosting foods; avoid raw meats and contaminated water.,None specific,1
Trachoma,1-2 weeks,"Balanced, High-fiber diet",Requires hygiene practices,None specific,None specific,Pitta,Practice eye hygiene; avoid sharing towels; use protective eyewear.,None specific,1
Trichinellosis,2-4 weeks,"Low-fat, High-protein diet",Avoids undercooked meat,None specific,None specific,"Vata, Kapha",Avoid undercooked pork; maintain good digestive health.,None specific,1
Trichuriasis,1-2 weeks,"Hydrating, Low-sugar diet",Avoids contaminated water,None specific,None specific,"Vata, Pitta",Avoid contaminated water and food; support digestive health with fiber.,None specific,1
Tuberculosis,6-12 months,"Low-fat, High-protein diet",Requires medication regimen,None specific,None specific,Pitta,Follow a TB treatment plan; avoid smoking and focus on lung health.,Breathing Exercises,3
Tularemia,1-2 weeks,"Balanced, High-protein diet",Avoids insect exposure,None specific,None specific,"Vata, Pitta",Focus on boosting immunity; avoid insect bites and infected animals.,None specific,1
Tungiasis,1-2 weeks,"Low-fat, High-protein diet",Avoids sand flea exposure,None specific,None specific,Pitta,Avoid walking barefoot in sandy areas; focus on skin health.,None specific,1
Type 1 Diabetes,Lifelong,"Low-carb, High-protein diet",Requires monitoring glucose levels,"Herbal Remedies, Diet Changes","Bitter Melon, Gymnema Sylvestre","Kapha, Pitta","Focus on a low-carb, high-fiber diet; maintain regular physical activity.",Regular Exercise,1
Typhus,1-2 weeks,"Balanced, High-fiber diet",Avoids insect bites,None specific,None specific,Pitta,Stay hydrated; maintain good hygiene and avoid contaminated environments.,None specific,1
Ulcerative Colitis,Lifelong,"Low-fat, High-protein diet",Requires stress management,None specific,None specific,"Vata, Pitta",Focus on gut health; avoid spicy foods and processed sugars.,None specific,1
Urinary Tract Infections (UTIs),1-2 weeks,"Hydrating, Low-sugar diet",Avoids holding urine,"Herbal Remedies, Cranberry Juice",None specific,Pitta,"Stay hydrated, avoid acidic foods, maintain proper hygiene.",None specific,1
Vitiligo,Lifelong,"Balanced, High-protein diet",Requires sun protection,"Herbal Remedies, Sun Exposure",None specific,Pitta,"Protect skin from sun exposure, consume anti-inflammatory foods.",None specific,1
West Nile Virus,1-2 weeks,"Balanced, Hydrating diet",Avoids mosquito bites,None specific,None specific,Pitta,"Avoid mosquito exposure, boost immunity with vitamin C and antioxidants.",None specific,1
Wilson's Disease,Lifelong,Low-copper diet,Requires copper monitoring,None specific,None specific,Pitta,"Avoid copper-rich foods (e.g., shellfish), follow a liver-supporting diet.",None specific,1
Yaws,1-2 weeks,"Balanced, High-protein diet",Avoids skin contact,None specific,None specific,Pitta,"Maintain hygiene, use anti-inflammatory foods and avoid scratching.",None specific,1
Yellow Fever,2-4 weeks,"Low-fat, High-protein diet",Requires mosquito protection,None specific,None specific,Pitta,"Avoid mosquito bites, stay hydrated, and rest to support recovery.",None specific,1
Zika Virus,1-2 weeks,"Hydrating, Low-sugar diet",Avoids mosquito bites,None specific,None specific,Pitta,"Avoid mosquito bites, stay indoors during peak mosquito activity.",None specific,2
Zoonotic Malaria,1-2 weeks,"High-protein, Low-carb diet",Avoids mosquito-infested areas,None specific,None specific,Pitta,"Prevent mosquito bites, maintain a clean environment, boost immunity.",None specific,1
Thyroid Disorders,Lifelong management,"Balanced, Iodine-rich diet",Requires thyroid monitoring,"Ashwagandha, Guggul","Ashwagandha, Shatavari","Vata, Pitta","Maintain a balanced diet with iodine-rich foods, practice stress-relieving activities.","Pranayama, Gentle stretching",1
"Autoimmune Diseases (e.g., Lupus)",Variable,"Balanced, Anti-inflammatory diet",Requires immune monitoring,"Turmeric, Ginger, Ashwagandha","Ashwagandha, Gudmar","Vata, Pitta","Avoid inflammatory foods, focus on anti-inflammatory and immune-supporting foods.",Yoga for flexibility and strength,1
"Cancer (Breast Cancer, Lung Cancer, Prostate Cancer, etc.)",Depends on cancer type,"Low-fat, Antioxidant-rich diet",Requires cancer screening,"Aloe vera, Turmeric, Green tea","Ashwagandha, Turmeric",Pitta,"Eat a nutrient-dense diet, manage stress, avoid alcohol and smoking.","Yoga for strength, Breathing exercises",1
Chronic Fatigue Syndrome,Long-term management,"Balanced, Nutrient-dense diet",Requires sleep management,"Ginseng, Rhodiola, Ashwagandha","Ashwagandha, Brahmi",Vata,"Focus on energy-boosting foods, establish a regular sleep routine.","Restorative yoga, Breathing exercises",2
Diabetes Mellitus,Lifetime management,"Low-carb, Low-sugar diet",Requires blood sugar monitoring,"Cinnamon, Bitter melon, Gymnema","Jamun, Gudmar","Vata, Kapha","Follow a low-glycemic, high-fiber diet, exercise regularly.","Surya Namaskar, Pranayama",1
"Hepatitis (A, B, C)",1-6 months,"Balanced, Liver-friendly diet",Requires liver monitoring,None specific,None specific,Pitta,"Avoid alcohol, maintain liver-friendly foods like leafy greens and beets.",None specific,1
Weight Loss,Varies,"High-protein, High-calorie diet",Requires regular monitoring,"Herbal Remedies, Low-Calorie Diet","Garcinia Cambogia, Green Tea","Vata, Pitta","Focus on balanced meals, avoid processed sugars and refined carbs.",Regular Exercise,1
Weight Gain,Varies,"High-carb, Low-calorie diet",Requires exercise and monitoring,"Herbal Remedies, High-Calorie Diet","Fenugreek, Ginseng",Kapha,"Reduce heavy, oily foods, include more fiber-rich and light meals.",Regular Exercise,1
Acanthosis Nigricans,Varies,"Low-sugar, Low-carb diet",Requires diabetes management,None specific,None specific,"Pitta, Kapha","Apply Aloe Vera gel daily, avoid spicy foods.",None specific,1
Anemia,Varies,"High-iron, High-folate diet",Requires regular monitoring,"Iron Supplements, Vitamin C","Iron-Rich Foods (Spinach, Red Meat)",Pitta,"Include iron-rich foods, avoid caffeine with meals.","Iron Supplements, Regular Monitoring",1
Angina,Varies,"Low-fat, Low-sodium diet",Requires regular monitoring,None specific,None specific,"Vata, Kapha","Reduce stress, avoid high-fat foods, regular cardiovascular exercise.",Cardiac Rehabilitation,1
Anxiety Disorder,Varies,"Low-caffeine, Balanced diet",Requires therapy,Herbal Remedies (Valerian Root),"Ashwagandha, Brahmi",Vata,"Practice deep breathing exercises, limit caffeine, establish a sleep routine.","Meditation, Deep Breathing",1
Aortic Aneurysm,Lifelong,"Low-fat, Low-sodium diet",Requires regular monitoring,None specific,None specific,"Vata, Pitta","Avoid strenuous activity, maintain blood pressure with a low-salt diet.",None specific,1
Aphasia,Varies,"High-protein, Balanced diet",Requires speech therapy,None specific,None specific,"Vata, Pitta","Engage in speech therapy, avoid stress, eat a balanced diet.","Speech Therapy, Cognitive Therapy",1
Atopic Dermatitis,Lifelong,"High-moisture, Hypoallergenic diet",Requires skin care routine,"Aloe Vera, Coconut Oil","Neem, Turmeric",Pitta,"Avoid spicy foods, drink plenty of water, use moisturizing oils.","Topical Treatment, Stress Management",1
Autoimmune Hepatitis,Lifelong,"Low-fat, High-protein diet",Requires ongoing medication,None specific,None specific,Pitta,"Avoid alcohol, consume liver-supporting foods like bitter greens.",None specific,1
Bacterial Infections,1-2 weeks,"Balanced, High-vitamin diet",Requires antibiotics,"Garlic, Echinacea",None specific,"Pitta, Kapha","Maintain good hygiene, eat immune-boosting foods like ginger and turmeric.",None specific,1
Bipolar Disorder,Lifelong,"Low-caffeine, Balanced diet",Requires therapy,Herbal Remedies (St. John's Wort),"Ashwagandha, Brahmi","Vata, Pitta","Regular sleep patterns, manage stress with yoga and meditation.","Cognitive Therapy, Stress Management",2
Bladder Cancer,6-12 months,"Low-fat, High-antioxidant diet",Requires ongoing monitoring,None specific,None specific,"Vata, Kapha","Drink plenty of water, avoid bladder irritants like caffeine and alcohol.",None specific,1
Brain Tumors,6-12 months,"High-protein, Balanced diet",Requires ongoing monitoring,None specific,None specific,Pitta,Consume anti-inflammatory foods like turmeric and omega-3s.,None specific,1
Bronchiectasis,Lifelong,"Low-fat, High-antioxidant diet",Requires inhalers,None specific,None specific,"Vata, Kapha","Practice breathing exercises, stay hydrated, and avoid cold air.",Pulmonary Rehabilitation,1
Candidiasis,1-4 weeks,"Balanced, Low-sugar diet",Requires antifungal treatment,"Tea Tree Oil, Garlic","Neem, Turmeric",Pitta,"Avoid sugar, consume probiotic-rich foods like yogurt.",None specific,1
Cerebral Palsy,Lifelong,"High-protein, Balanced diet",Requires ongoing therapy,None specific,None specific,"Vata, Pitta","Engage in physical therapy, avoid processed foods, and practice gentle yoga.","Physical Therapy, Occupational Therapy",1
Chronic Sinusitis,1-3 months,"Low-sodium, Balanced diet",Requires nasal care routine,"Steam Inhalation, Neti Pot",None specific,"Vata, Kapha","Inhale steam with eucalyptus, avoid allergens, stay hydrated.",None specific,1
Cirrhosis,Lifelong,"Low-fat, High-protein diet",Requires ongoing monitoring,None specific,None specific,Pitta,"Avoid alcohol, eat liver-supporting foods like beets and bitter greens.",None specific,1
Cleft Lip and Palate,6-12 months,"Balanced, Nutrient-rich diet",Requires surgery,None specific,None specific,"Pitta, Vata","Follow speech therapy, eat soft foods, and avoid harsh chemicals.","Speech Therapy, Physical Therapy",1
Cold Sores,1-2 weeks,"Balanced, Low-sugar diet",Requires topical treatment,"Aloe Vera, Lemon Balm",None specific,Pitta,"Avoid stress, apply a cold compress to the affected area, eat antiviral foods.",None specific,1
Conjunctivitis,1-2 weeks,"Balanced, Nutrient-rich diet",Requires eye care routine,None specific,None specific,Pitta,"Practice good hygiene, avoid eye irritation, and wear sunglasses.",None specific,1
COPD (Chronic Obstructive Pulmonary Disease),Lifelong,"Low-sodium, High-antioxidant diet",Requires inhalers,None specific,None specific,"Vata, Kapha","Avoid smoking, stay in a smoke-free environment, and do breathing exercises.",Pulmonary Rehabilitation,1
Cystitis,1-2 weeks,"Balanced, High-fluid diet",Requires antibiotics,None specific,None specific,Vata,"Drink plenty of water, avoid caffeine, and practice good hygiene.",None specific,1
Diabetic Neuropathy,Lifelong,"Low-sugar, High-fiber diet",Requires pain management,"Alpha-Lipoic Acid, Vitamin B12",None specific,"Kapha, Vata","Maintain stable blood sugar levels, avoid refined sugars, and include bitter foods.",None specific,1
Diverticulitis,1-2 weeks,"High-fiber, Low-fat diet",Requires dietary control,None specific,None specific,"Vata, Pitta","Increase fiber intake, avoid processed foods, and drink plenty of water.",None specific,1
Dyslipidemia,Lifelong,"Low-fat, High-fiber diet",Requires monitoring,"Omega-3 Fatty Acids, Red Yeast Rice",None specific,"Vata, Pitta","Consume a heart-healthy diet rich in omega-3s, exercise regularly, and avoid trans fats.",None specific,1
Ear Infections,1-2 weeks,"Balanced, High-fluid diet",Requires ear care routine,"Garlic, Warm Compress",None specific,"Vata, Kapha","Avoid water in the ears, maintain good ear hygiene, and avoid cold air.",None specific,1
Erectile Dysfunction,Lifelong,"Low-fat, High-fiber diet",Requires medication,"Ginseng, Yohimbine",None specific,"Vata, Pitta","Avoid excessive alcohol, manage stress, and consume zinc-rich foods like pumpkin seeds.",None specific,1
Gallbladder Disease,Varies,"Low-fat, High-fiber diet",Requires surgery,None specific,None specific,Pitta,"Avoid high-fat foods, consume bitter herbs, and practice stress management techniques.",None specific,1
Gastroenteritis,1-2 weeks,"Balanced, High-fluid diet",Requires hydration,"Ginger, Peppermint",None specific,"Pitta, Kapha","Stay hydrated, avoid dairy and greasy foods, and eat bland foods like rice and toast.",None specific,1
Gingivitis,1-2 weeks,"Balanced, Sugar-free diet",Requires oral care routine,"Salt Water Rinse, Aloe Vera",None specific,Pitta,"Brush and floss regularly, use saltwater rinses, and avoid sugary foods.",None specific,1
Glaucoma,Lifelong,"Low-sugar, Balanced diet",Requires regular eye check-ups,None specific,None specific,Pitta,"Regular eye check-ups, avoid excessive screen time, and consume anti-inflammatory foods.",None specific,1
Goiter,Lifelong,Iodine-rich diet,Requires thyroid monitoring,"Iodine, Ashwagandha","Ashwagandha, Guggulu","Vata, Pitta","Ensure adequate iodine intake, avoid stress, and include sea vegetables in the diet.",None specific,1
Graves' Disease,Lifelong,"Low-sodium, Balanced diet",Requires thyroid monitoring,None specific,None specific,Pitta,"Avoid stress, reduce stimulants like caffeine, and maintain a balanced diet rich in vitamins.",None specific,1
Herpes Simplex Virus (HSV),Lifelong,"Low-sugar, Balanced diet",Requires medication for outbreaks,"Aloe Vera, Lemon Balm",None specific,Pitta,"Apply Aloe Vera gel, manage stress, and avoid acidic foods like citrus.",None specific,1
Hidradenitis Suppurativa,Lifelong,"Low-sugar, Balanced diet",Requires skin care routine,None specific,None specific,Pitta,"Practice good hygiene, avoid tight clothing, and eat anti-inflammatory foods like turmeric.",None specific,1
Hodgkin's Lymphoma,Months to Years,"Balanced, High-protein diet",Requires chemotherapy,None specific,"Ashwagandha, Turmeric",Pitta,"Follow cancer treatment, maintain a healthy immune system with a nutrient-rich diet.","Supportive Care, Physical Activity",1
Hyperlipidemia,Lifelong,"Low-fat, High-fiber diet",Requires monitoring,"Omega-3 Fatty Acids, Red Yeast Rice",None specific,Vata,"Consume healthy fats like omega-3s, avoid fried foods, and exercise regularly.",None specific,1
Lymphadenopathy,Varies (days to months),"Low-sodium, Balanced diet",Requires monitoring,None specific,None specific,Pitta,"Consume anti-inflammatory foods like turmeric, avoid processed foods, and manage stress.",None specific,1
Meniere's Disease,Lifelong,"Low-sodium, Balanced diet",Requires ear care,"Ginkgo Biloba, Ginger",None specific,Vata,"Avoid loud noises, reduce salt intake, and practice relaxation techniques like yoga.","Balance Exercises, Stress Management",1
Multiple Myeloma,Lifelong,"Low-sodium, Balanced diet",Requires chemotherapy,None specific,None specific,Pitta,"Follow medical treatment, eat nutrient-rich foods to boost immunity, and manage stress.",None specific,1
Myocardial Infarction (Heart Attack),Lifelong,"Low-fat, Low-sodium diet",Requires heart monitoring,"Hawthorn, Garlic","Garlic, Ashwagandha",Vata,"Follow heart-healthy diet, avoid processed foods, and incorporate cardio exercises.","Cardiac Rehabilitation, Regular Exercise",1
Nasal Polyps,Lifelong,"Low-sodium, Low-dairy diet",Requires nasal care,None specific,None specific,Vata,"Avoid allergens, use saline nasal sprays, and practice deep breathing exercises.",None specific,1
Polycythemia Vera,Lifelong,"Low-sodium, Balanced diet",Requires monitoring,None specific,None specific,Pitta,"Maintain hydration, avoid iron-rich foods, and follow doctor’s treatment plan.",None specific,1
Post-Traumatic Stress Disorder (PTSD),Lifelong,"Balanced, Nutrient-rich diet",Requires psychological support,None specific,None specific,Vata,"Engage in mindfulness techniques, consume calming foods like chamomile, and seek therapy.",None specific,1
Prostate Enlargement (Benign Prostatic Hyperplasia),Lifelong,"Low-fat, Balanced diet",Requires monitoring,"Saw Palmetto, Pygeum",None specific,Vata,"Avoid caffeine, practice relaxation techniques, and eat a diet rich in antioxidants.",None specific,1
Psoriatic Arthritis,Lifelong,"Low-sodium, Balanced diet",Requires joint care,"Turmeric, Fish Oil","Ashwagandha, Turmeric",Pitta,"Avoid cold weather exposure, consume anti-inflammatory foods, and engage in regular stretching.","Physical Therapy, Stress Management",1
Raynaud's Disease,Lifelong,"Low-sodium, Balanced diet",Requires warmth and care,"Garlic, Ginkgo Biloba",None specific,Vata,"Avoid cold environments, wear warm clothing, and consume foods that improve circulation.",None specific,1
Sciatica,Weeks to Months,"Low-sodium, Balanced diet",Requires posture correction,None specific,None specific,Vata,"Engage in gentle stretching exercises, avoid sitting for long periods, and sleep in a neutral position.","Physical Therapy, Stretching",1
Sinusitis,Weeks to Months,"Low-sodium, Balanced diet",Requires nasal care,"Eucalyptus, Ginger, Peppermint",None specific,Vata,"Stay hydrated, practice steam inhalation, and avoid allergens.",None specific,1
Skin Infections,Weeks to Months,"Low-sodium, Balanced diet",Requires skin care,"Aloe Vera, Tea Tree Oil","Aloe Vera, Tea Tree Oil",Pitta,"Apply neem paste, avoid harsh chemicals, and keep the skin clean and dry.",None specific,1
Spinal Cord Injury,Lifelong,"Low-sodium, Balanced diet",Requires rehabilitation,None specific,None specific,Vata,"Focus on rehabilitation, maintain a nutritious diet to support nerve health, and practice gentle exercises.","Physical Therapy, Occupational Therapy",1
Spondylosis,Lifelong,"Low-sodium, Balanced diet",Requires posture correction,None specific,None specific,Vata,"Maintain a good posture, engage in back-strengthening exercises, and apply warm compresses.","Physical Therapy, Stretching",1
Stomach Cancer,Months to Years,"Low-fat, High-fiber diet",Requires monitoring,None specific,None specific,Pitta,"Consume small, frequent meals, avoid processed foods, and follow cancer treatment guidelines.",None specific,1
Strep Throat,Days to Weeks,"Low-sodium, Balanced diet",Requires antibiotic treatment,"Honey, Warm Salt Water Gargle",None specific,Pitta,"Stay hydrated, avoid irritants like smoke, and rest your voice.",None specific,1
Stress,Chronic or Intermittent,"Low-sodium, Balanced diet",Requires relaxation techniques,"Meditation, Aromatherapy","Ashwagandha, Brahmi",Vata,"Practice relaxation techniques like yoga and deep breathing, eat nutrient-dense foods, and engage in regular physical activity.","Relaxation Techniques, Yoga",1
Systemic Lupus Erythematosus (SLE),Lifelong,"Low-sodium, Balanced diet",Requires immune monitoring,"Turmeric, Fish Oil, Ginger","Ashwagandha, Turmeric",Pitta,"Avoid sun exposure, maintain a balanced diet rich in antioxidants, and engage in regular exercise.","Stress Management, Regular Exercise",1
Testicular Cancer,Months to Years,"Low-fat, High-protein diet",Requires monitoring,None specific,None specific,Pitta,"Include antioxidant-rich foods, follow treatment protocols, and avoid exposure to toxins.",None specific,1
Thyroid Cancer,Months to Years,"Low-fat, Balanced diet",Requires monitoring,None specific,None specific,Vata,"Consume thyroid-supportive foods, maintain a stress-free lifestyle, and follow medical guidance.",None specific,1
Tinnitus,Lifelong,"Low-sodium, Balanced diet",Requires sound therapy,"Ginkgo Biloba, Zinc Supplements",None specific,Vata,"Avoid loud noises, consume anti-inflammatory foods, and practice relaxation techniques.","Sound Therapy, Relaxation Techniques",1
Urinary Tract Infection (UTI),Days to Weeks,"Low-sodium, Balanced diet",Requires hydration,"Cranberry, Garlic",None specific,Pitta,"Drink plenty of fluids, avoid irritants like caffeine, and maintain hygiene.",None specific,1
Varicose Veins,Lifelong,"High-fiber, Low-sodium diet",Requires movement breaks,"Horse Chestnut, Grape Seed Extract",None specific,Vata,"Avoid prolonged sitting or standing, elevate legs, and incorporate leg-strengthening exercises.",None specific,1
Viral Infections,Days to Weeks,"Low-sodium, Balanced diet",Avoids crowded places,"Vitamin C, Echinacea",None specific,Pitta,"Increase fluid intake, rest, and consume immune-boosting foods like garlic.",None specific,1
Whipple's Disease,Months to Years,"High-protein, High-calorie diet",Requires medical treatment,None specific,None specific,Vata,"Follow a high-protein, nutrient-dense diet, avoid sugar, and follow medical advice.",None specific,1
Wilson’s Disease,Lifelong,"Low-copper, High-protein diet",Requires monitoring,None specific,None specific,Pitta,"Avoid copper-rich foods, maintain a balanced diet, and follow treatment protocols.",None specific,1
Worm Infections,Weeks to Months,"Low-fat, Balanced diet",Requires hygiene,"Wormwood, Papaya Seeds",None specific,Vata,"Maintain proper hygiene, eat fiber-rich foods, and consume anti-parasitic herbs.",None specific,1
Yeast Infections,Days to Weeks,"Low-sugar, High-fiber diet",Requires antifungal treatment,"Tea Tree Oil, Coconut Oil",None specific,Pitta,"Consume antifungal foods like garlic, avoid sugar, and maintain good hygiene.",None specific,1
Zoonotic Infections,Days to Months,"Low-sodium, Balanced diet",Requires hygiene,None specific,None specific,Pitta,"Avoid contact with infected animals, practice hygiene, and consume immune-boosting foods.",None specific,1
Bell's Palsy,Weeks to Months,Balanced diet,Requires rest and recovery,None specific,None specific,Pitta,"Manage stress, practice facial exercises, and consume nutrient-rich foods.","Facial Exercises, Stress Management",1
Crohn’s Disease,Lifelong,"Low-fiber, Balanced diet",Requires medical treatment,"Turmeric, Ginger, Probiotics","Turmeric, Ashwagandha",Pitta,"Avoid processed foods, consume fiber-rich meals, and follow medical treatment plans.","Regular Exercise, Stress Management",1
Diabetic Retinopathy,Lifelong,"Low-sugar, Balanced diet",Requires regular monitoring,None specific,None specific,Vata,"Monitor blood sugar levels, consume antioxidants, and avoid processed sugar.",None specific,1
Hodgkin’s Lymphoma,Months to Years,Balanced diet,Requires cancer treatment,None specific,None specific,Vata,"Follow prescribed medical treatments, maintain a nutritious diet, and manage stress.",None specific,1
